story_title,story_contents1,story_image1
오늘 입양했어요,"입양 가능 전화를 받을 때부터 아프다는 얘기에 걱정이 이만저만이 아니었던 아이..ㅠㅠ
1.1kg의 3개월령 아이라고 듣고 갔는데 오늘 입양하고 병원가서 재보니 830g밖에 안 되고 배가 홀쭉하더라는..ㅠㅠ
일주일 정도 설사를 지속하고 있다고 해서 지사제와 유산균 등등을 처방받았습니다ㅠ 병원에선 지속적 설사의 경우 이물질이나 배탈 바이러스 중 하나가 원인일텐데 보호소에서 두 번의 바이러스 키트(파보,코로나)가 모두 음성이라 아마 바이러스 성으로 추정하신다며 일주일간 약 먹여보라고 하시네요ㅠㅠ
집에 와 밥 먹이고 약 먹이니까 바로 피설사를 두 번이나해서 개초보들은 휘둥그레.. 인터넷 서칭만 한 시간씩 했다는..ㅠ
얼른 약 먹고 튼튼해져야 접종도 하고 산책도 하고 재밌는 세상 구경도 같이 할텐데! 걱정이 많다ㅠㅠ 얼른 낫자 호수야ㅠ",http://d12l2mexpetzlh.cloudfront.net/images/story/2022-08-27/story_1661603206685.jpg
시루 입양했어요 !,"7월 1일 30일 추정이라 올라온 작은 아이였어요
작년에 길에서 구조한 유기묘들과 12월에 호크라는 시바견을 포인핸드 통해 입양 후에 관심이 많아졌고 호크에게 친구를 만들어주고자 포인핸드를 꾸준히 보던 중 이마에 하트 무늬를 가진 친구를 보자마자 아 얘다 ! 라는 생각니 들었고 바로 데리러 보호소에 갔습니다 ㅎㅎ
처음 왔을 땐 파보 증상이 살짝 있어서 병원에서 약을 타와서 자가 치료를 했어요 시루가 씩씩하게 파보를 이겨내주었고 아직 3차 접종을 안 맞아서 호크 산책 할 때마다 유모차에 태우고 다니고 있는 와중에 용기가 생긴 건지 유모차를 탈출,, 할 뻔 했지 뭐예요^^,,, 원래는 밖을 무서워하던 아이였습니다 ! 
처음 집에 왔을 땐 1.6 키로였는데 21일 지난 지금 벌써 2.7키로!! 아직 이개월 애기예용 
우리 호크랑 시루 나와 함께하는 동안 평생 행복한 견생 되기를 응원해주세요 !",http://d12l2mexpetzlh.cloudfront.net/images/story/2022-08-27/story_1661596606921.jpg
날아다니는중,밥 잘먹고 화장실도 잘가고 아주 잘크고 있습니다! 날아다니는것같이 뛰어노는 에너자이저예요ㅋㅋ 동영상을 못올리는게 아쉬울따름~ 같이 보호소에 들어온 형제중 다른 여아는 하늘나라로 떠나고.. 남아만 남았던데 어서 빨리 좋은분 만났으면하는 간절한 바램입니다...,http://d12l2mexpetzlh.cloudfront.net/images/story/2022-08-27/story_1661595514982.png
여름이 입양했어요!,"15년 키우던 시츄아이를 4개월 전에 보내고 4개월동안 엄청 고민하다가 데리고 왔어요!

사랑을 받으면서 자란 아이 같은데 무슨 이유인지 유기견이 되어서 마음이 아프지만, 애교도 많고, 이젠 오냐오냐해주니까 기고만장해졌는데 그 모습도 예쁘네요ㅋㅋ

응가는 실외배변만해서 집 앞 산책로에서 하루 2번씩 산책하는데 안들어올려고 합니다..ㅋㅋㅋㅋ

슬개골탈구도 있고, 닭알러지도있어서 아토피사료먹이고있고, 단두종이라 깨어있을 때에도 코를 골지만(예전 아이는 안그래서 처음엔 깜짝 놀랐어요..ㅠㅠ) 예쁘게 잘 키울게요!",http://d12l2mexpetzlh.cloudfront.net/images/story/2022-08-27/story_1661594088853.png
공고번호 583에서 두치가 되었어요 ♥️,"오늘 두치 입양했습니다 ~~~ ♥️
한 시간 동안 멀미도 없이 차도 잘 타고 너무 기특해요 🥹
생전 처음 가져보는 많은 장난감에 초 흥분상태인두치!!!!!🐶
세상 행복한 강쥐로 만들어줄게 두치야! !우리 가족이된걸 환영해 💕💕

마지막은 아직 입양못간 두치형제입니다 !
두치가 너무 순하고 착한거보면 형제도 분명 그럴거같아요~~
많은 관심 가져주세요 !!!🙂

인스타 im_duchi",http://d12l2mexpetzlh.cloudfront.net/images/story/2022-08-27/story_1661588733761.jpg
벌써 라떼와 식구가된지 6개월이 다되어가네요ㅎ,"요즘 잘놀아주지 못했는데도 말썽안부리고 정말 착해요!
중성화 후 변한건 크게 없고 수컷인데도 마킹도 안하고
아직도 앉아서 싸네요ㅎ 
처음으로 물놀이도 하고 장거리도 가보고 
하루하루가 즐겁습니다! ㅋ 
이제 9월이면 8개월 조금 넘는데
8키로 가량 나가는데 욕심이지만 여기서...
그만 컷으면 하는 바램이... 무거워서...
안을 수가...없네요..ㅠㅎ
1년째 되는 날 다시 후기 남기겠습니돠!ㅎ
",http://d12l2mexpetzlh.cloudfront.net/images/story/2022-08-27/story_1661583120752.jpg
갈수록 이뻐지는 가을이,"우리집에 온지 이제 2년 다되가는 우리 가을이_
우리 가을이 자랑하고 싶어서 올려요!! 
사지말고 입양하세여_함께 할 수록 행복해요!!",http://d12l2mexpetzlh.cloudfront.net/images/story/2022-08-27/story_1661580973320.jpg
세탁소강아쥐 ~~~ 1탄,"부모님께서 세탁소 운영하시는데. 
요녀석때문에 매번 데리고 가신다고 ~~~ ㅎㅎ

직장에 있으면 이렇게 제게 사진 찍어 보내주시는데
한번 버려진 기억때문인지 
아니면 밖에 나가면 재미있는 일과 냄새를 맡을 수 있다는걸 알아서 그러는건지 
부모님께서 출근 준비하시면 엄청 목청 높여 짖는 바람에 매번 데리고 나가세요 ㅎㅎ;;

데리고 왔을땐 실내배변만 하던 녀석인데  
산책을 하루에 세번 이상 하게된..
그래서 이제는 실외배변이 편한지 실내배변은 전혀 안하게된  세탁소 마스코트랍니다

의자를 좋아해서 전용 의자도 갖고있다죠..
아가 무릎 아플까봐 세탁소에 깔 매트 하나 사줘야겠어요

실외배변해서 귀찮다고는 하시는데 부모님도 운동 아닌 운동을 하게된 기특한?! 아이 ㅎㅎㅎㅎ
저도 덕분에 퇴근해서 집에오면 요녀석때문에 부지런해졌답니다 ㅎㅎ

",http://d12l2mexpetzlh.cloudfront.net/images/story/2022-08-27/story_1661575349752.png
김호두씨❤️❤️,"오늘은 북부로 캠핑갓다왔어요
타임랩스에 찍힌 김호두씨ㅋㅋㅋㅋ졸기
호두얼굴로만든방향제❤️",http://d12l2mexpetzlh.cloudfront.net/images/story/2022-08-27/story_1661572102618.jpg
우리가 만난지 벌써 3개월이 넘었어!,"안녕 우리 아기 까꿍이!
널 품에 안고 데려온게 어제같은데 벌써 3개월이란 시간이 훌쩍 지났더라
너와 나의 이야기를 듣고 더 많은 사람들이 믹스견들의 사랑스러움을 알면 해서 이렇게 글을 또 써
유기견에 그닥 관심도 없고 그저 예쁜 강아지만 키우길 바랐던 과거의 내가 이렇게 변한건 포인핸드 앱에서 너를 발견한 뒤였어
너무나 사랑스러워서 하루종일 머릿속에 네 생각만 나더라
언니가 너를 데려오기 위해 엄마 아빠를 얼마나 설득했는지 몰라 ㅋㅋㅜㅜ
그렇게 너를 데리러 보호소를 가고 너를 만나고 너를 품에 안는데 진짜 눈에서 꿀이 뚝뚝 떨어졌어🤍 
한편으로는 이런 소중한 아이를 우리가 잘 키울 수 있을까 하는 생각에 가족들 모두 부담도 됐지만! 그래도 너를 가족으로 맞이한 덕분에 지금 우리 가족 웃는 소리가 더 많이 들려 ㅎㅎ
초보 견주라 너에게 잘 못 해준 것도 많아서 미안해 ㅜ 부족한 우리임에도 항상 사랑스런 눈빛으로 바라봐줘서 또 고마워
6주 꼬물이가 언제 5개월이 돼서 새벽에 언니 화장실 가면 반겨주기까지..🥺 조금만 천천히 자라다오 ~~
너와의 이야기를 통해 좀 더 많은 유기견 친구들이 따뜻한 가족의 품에 갈 수 있길 바라 🤍 
이 세상 모든 유기견들이 행복해질 그날까지 언니랑 으쌰으쌰 노력하자 !!
사랑해 까꿍아 ~🤍",http://d12l2mexpetzlh.cloudfront.net/images/story/2022-08-27/story_1661565429289.jpg
사랑스러운 깨비,"장난꾸러기 애교쟁이 깨비가 생후 2개월일때 와서 지금 이렇게 무럭무럭 자라고 있습니다💓💓 깨비로 인해 매일이 행복하고 가족들의 웃음이 끊이지 않고 있어요❤️
깨비는 우리집 복덩이입니다😍",http://d12l2mexpetzlh.cloudfront.net/images/story/2022-08-27/story_1661529171927.jpg
울가족이 된 행복이,"행복이입니다. 낯선 환경과 차 운행때문인지 설사를 계속하여, 병원가서 진찰받고, 닭가슴살에 흰죽을 끓여 먹이고 약먹였더니 좋아졌어요. 순하고 말도 잘 알아듣고 너무 사랑스럽습니다. 아프지말고 잘 커 주길 바라고, 울집에서 행복하길 바래서 행복이라 지었답니다.(밥그릇은 새로 장만했습니다)

",http://d12l2mexpetzlh.cloudfront.net/images/story/2022-08-26/story_1661518251953.png
꼬까옷 입은 모카 라떼,꼬까옷 입힌 저희 아가들입니당💛,http://d12l2mexpetzlh.cloudfront.net/images/story/2022-08-26/story_1661517087470.jpg
시쭈 미용했어요,나이는 한살 안된다하고 배변도 가리고 사람도 좋아해요 강아지들이랑도 잘놀고 만능 시쭈 임니다 ⭐️,http://d12l2mexpetzlh.cloudfront.net/images/story/2022-08-26/story_1661515221287.jpg
🐼 오곡이 입양 🐼,"2022.07.03 🏠🐾
두번에 입양신청을 거쳐 드디어 오곡이를 입양했어요 ◡̈ 
첫번째 집에서 파양돼 오곡이가 기죽어 있음 어쩌나 걱정 많이 했는데 다행히도 오곡이는 그냥 겁이 많을뿐 겉으로 보았을땐 괜찮아보였어요 

오곡이는 정말 겁이많고 소리에 아주 예민해요
낯선 사람이 다가오면 바로 대변을 지릴만큼 겁이 많더라구요 어떤 하루하루를 보냈을까 안쓰러울만큼 ㅠㅠ

고집이 정말 황소고집이라 산책교육도 필요하고 
요즘엔 밥도 편식하고 여전히 혼자있는 시간이 더 편해보이는 오곡이지만 조금씩 조금씩 마음의 문을 열고있는 오곡이 🐼

더 많이 사랑해주고 그 동안 상처받은거 다 덮어줄게
사랑해 오곡아 건강하게 오래오래 같이살자 💛

@o___gok",http://d12l2mexpetzlh.cloudfront.net/images/story/2022-08-26/story_1661504386506.jpg
마리입양했습니다~,"
음식이름으로 지어야 오래산다구 해서 이름은 김말이입니다 🤣🤣🤣

그래도 이 이름은 우리만 알고있기로하고 밖에선 마리~~로

보호소에서 처음봤을때 마리는 너무 겁먹어있었고 사람한테 곁을 내주지않는 소심쟁이였어요.. 챙겨간 켄넬 안에서도 안절부절하지못해 결국 품에 안고 출발했습니다 ㅜㅜ

보호소에서 처음봤을때 마리는 너무 겁먹어있었고 사람한테 곁을 내주지않는 소심쟁이였어요.. 챙겨간 켄넬 안에서도 안절부절하지못해 결국 품에 안고 출발했습니다 ㅜㅜ


너무 긴장하고있는거 같아서 휴게소에들려 꼬질꼬질 사진도 남기규🤣🤣🤣
그러고 차에 다시탔는데!!...마리가 자기가 버려지지않는 다는걸 알았나봐요..한순간 긴장을 풀고 제 팔에 기대서 잠들었어요
넘나 감동 ㅜㅜ💕


오늘은 상담 겸 동물병원에 다녀왓어요..전주에선 3살로 추정된다 했지만 많게는 5살까지도 보인다라고 하셨습니다
그래서 추정나이는 4살로 변경하기로 했습니다ㅎㅎ..
그리고 몸무게도 4.4kg가 아닌 3.3kg...너무 작은 아이였지요
마리 피부상태도 안좋고 귀내부 염증도 심하고 치아상태도 안좋아서 우선 위생 미용 후 피부관찰하고~~ 마취를 최소화하기위해 스케일링+중성화 같이 진행할 예정입니다 ㅎㅎ 사실 중성화는 아직 고민중이긴합니다.. 유선상태도 깔끔하다하셨구 ㅜㅜ 조만간 또 마리 소식 들려드릴게요!!


마리는 집에서 열심히 쫑쫑쫑 따라다니고 있습니다🤗🤗

​
",http://d12l2mexpetzlh.cloudfront.net/images/story/2022-08-26/story_1661498000450.png
처음맞는 여름도 재밌게 보냈지요😎,"태어난지 이제 곧 1년이 다되가는 진이!
포인핸드에서 소중한 인연을 맺은지도 이제 10개월이 지났네요 ㅎㅎ
진이때문에 사진도 많이 찍고~ 순간순간을 기억하고 싶어서 폴라로이드 카메라까지 샀네요ㅎㅎ
여름 맞아서 시골 집에 놀러도 가보고~ 신나게 놀고 뻗어서 집에 가기도 하고~ 다른 강쥐가 무서운 진이지만..ㅎ 시골집 강쥐랑 같이 놀기도 하고..
진이때문에 더 즐거운 추억이 된거같아요!
이제 다시 올 겨울에도 좋은 추억 많이 만들었음 좋겠네요🥹
포인핸드 가족분들도 마지막 여름 잘 보내세용~~~🐶🤜🏻",http://d12l2mexpetzlh.cloudfront.net/images/story/2022-08-26/story_1661495071771.jpg
병아리 해피💛(성충구제 들어갔어요),"해피는 이미티사이드라는 심장 사상충 어미를 죽이는 독하고 위험한 주사를 들어갔어요ㅠㅠ 지금은 호흡이 가빠서 산소방에 있다고 연락이 왔어요... 수술과 주사 둘다 죽을 각오를 하고 해야하는거라서.. 애를 살리고자 애쓰는게 애를 죽일수도 있어서... 하지만 실오라기 같은 희망을 가지고 그럼에도 이겨낼수 있다는 희망을 가져 봐요 ㅠㅠㅠ 제발 해피가 살아서 돌아왔음 좋겠네요... 근황 물어봐주시고 응원해주셔서 다들 너무 감사해요🥺❤️

병아리모자가 잘어울리는 사랑스러운 나의 강아지 해피 ㅠㅠ
간식을 특히 좋아하는 해피는 주사 맞으러 가기 까지도 간식을 먹으면서 갔답니다. 입원실에 해피 좋아하는 삐뽀물고기 인형과 간식을 넣어주고 왔어요ㅠㅠ 새벽에 숨이 가빠져서 산소방에 있단 소식을 마지막으로 지금 병원에서 연락을 기다리고 있어요 
새벽내내 마음이 안좋고 눈물만 나네요 안타까운 아이..
기도 부탁드려요

오후 12시 연락 받았는데 폐색전증이 왔다고 하네요...
폐부종도요.. 제 자신이 너무 원망스러워요..
독한 주사 맞추지말걸 뭘해도 도박이였는데 눈물만 나네요...

오후 7시 40분  
병원 병문안 왔는데 애가 저를 알아보고 제가 가져간 스틱a/a도 짜주니 잘먹고 삐뽀 물고기를 넣어줬는데 애가 너무 좋아하네요 
주인을 알아보고 기운이 도나봐요 ㅠㅠ  흐헝헝헝ㅠㅠㅠ긴장 놓지말고 지켜봐야 하지만 너무 다행이예요💦❤️💛❤️💛
내일도 면회를 와야 겠어요! ",http://d12l2mexpetzlh.cloudfront.net/images/story/2022-08-26/story_1661480407253.jpg
입양한지 700일 ♥️,"함께한지 700일 ♥️

몰리썬더를 입양하고 벌써 700일이 지났어요.
미리 바다에 다녀와 몰썬이 행복하게 뛰어놀도록 시간을 보냈어요. 아이들 덕분에 풍요로워진 삶에 매일 감사해요.
소중한 내 멈머들 많이 많이 사랑해!

가족이되어줘서고마워, 오래오래행복하자🫶🏻

Instagram @molly._.thunder",http://d12l2mexpetzlh.cloudfront.net/images/story/2022-08-26/story_1661479042125.jpg
보리와 토리 이야기,"광주-서구-2021-00532 라라
광주-광산-2022-00402 비냉

보호소에서 라라와 비냉이라 불리던 이 조그만 아이들은
저희집에서 보리와 토리라는 이름을 갖게 되었어요.
보리는 2021.11.17 부터 가족이 되었고
토리는 2022.08.25 부터 가족이 되었어요.
토리를 입양하고 집에 와서 씻기고 내려놨는데 아가가 알려주지도 않았는데 배변패드위에서 대소변을 가리더라구요ㅎ
너무 신기했어요ㅎ보리씨는 훈련하느라 애먹었는데..토리는 바로 하니까 기특하기도 했어요ㅎ토리를 처음 안았을때 말랐다 생각했는데 배는 빵빵하더라구요..잘먹는대요ㅋㅋ
토리는 공고사진보다 달라졌어요ㅎ귀가 치와와인 보리보다 더 크거든요ㅋㅋ너무 귀여운 아가에요ㅎ

암튼 아가들 잘 키우겠습니다♡







",http://d12l2mexpetzlh.cloudfront.net/images/story/2022-08-26/story_1661469972825.png
저번에 차돌이만 그려서 이번엔 가을이도 그렸어요!!,"차돌이 가을이 한번씩 그려봄요



",http://d12l2mexpetzlh.cloudfront.net/images/story/2022-08-26/story_1661465089504.png
모나 (벨라) 잘있어요,"궁금해 하셨던 분들 많았을텐데 이제야 후기 올립니다.ㅠ  주둥이 묶인 채 구조 되었던 모나는 3번의 재건 수술 후 현재 모습을 찾았습니다. 
항상 이를 들어낸 미소와 음식이나 물을 마실때 침을 많이 흘리는 것 외에는 아주 건강하고 문제 행동 하나 일으키지 않는 착한 아이입니다.
배변도 잘가리고 많이 짖지도 않고 사람만 보면 뒤집어 배를 보이고 집에 혼자 있어도 아무것도 건드리지 않아요. 이런 아이에게 학대를 한 이유를 묻고 벌하고 싶지만 끝내 찾을 수는 없었네요.
다만 이 아이가 저희와의 인연으로 남은 생동안 행복하기를 바라며 하루하루 보내고 있습니다.
강아지들은 인간에게 우주와 같은 사랑을 줍니다. 다시는 자격없는 사람들이 이들을 소유하여 이같은 학대가 반복되지 않기를 바랍니다. ",http://d12l2mexpetzlh.cloudfront.net/images/story/2022-08-26/story_1661456184272.png
김호두씨의 캠핑❤️❤️,신나게놀고 누더기된호두찡,http://d12l2mexpetzlh.cloudfront.net/images/story/2022-08-26/story_1661444216770.jpg
입양 8개월차 후기🐶♥️,"작년 크리스마스때 개인구조자님이 천안에서 구조한 아이를 연이 닿아 입양하게되었습니다!

3년 가까이 입양희망해서 충분히 고민하고 공부하며 준비하다 이아이를 본 순간 망설임 없이 입양해야겠다 생각해 데리고 오게 되었어요

입양전 아이 성격에 충분한 설명을 듣고 짖음,입질,분리불안이 있는걸 염두하고 입양했는데 실제 지내보며 제가 관찰한 아이성격은 너무 차분했고 조금 소심했어요

산책시 다른 강아지들에게 입질이 있었지만 매일 산책하며(훈련병행) 점점 낮아지고 사회성도 많이 높아져서 이젠 매너있게 인사도 잘하고 다른강아지와 노는법도 배웠어요 
성견이 된 후에 입양해 사회화에 걱정했지만 잘 따라와준 이친구 덕분에 매일 너무 행복해요

제경험으로 드리는 후기는 입양 직후 보이는 성격, 보호소에서 있던 성격은 아이의 진짜 성격이 아닐 수 있어요
가장 예민하고 경계할 시기이기때문에 시간을 갖고 안정된 패턴속에서 나타나는 아이성격이 다를 수 있기때문에 눈에밟히는 아이 놓치지말고 가족이 되어주세요
반려동물은 정말.. 사랑입니다🥹💖💖",http://d12l2mexpetzlh.cloudfront.net/images/story/2022-08-25/story_1661437853659.jpg
"2022-00610에서 ""젤리""로","둘째 고양이를 데려와야겠다는 생각과 함께 포인핸드 앱을 깔았어요

첫째 고양이는 샵에서 데려왔고, 나름대로 품종묘였어요

뭣도 모르고 데려왔고, 예쁘다는 생각만으로 데려왔지만

점점 많아지는 동물 공장을 보고 유기묘를 입양하자!̆̈!̆̈ 해서

여러곳을 찾아보고 가족들을 설득했어요

가족들을 설득하는데 한참이 걸렸지만 결국 성공!̆̈!̆̈


마에 드는 아가를 찾다가 경기도 광주 tnr동물병원에 있는

2022-00610아기를 봤습니다

치즈묘에다가 수컷으로 딱 제가 찾던 조건이었어요 ㅠ

모든 용품을 다 사고 다 준비해놓고, 아이를 데릴러 갔는데...

가자마자 울컥

이제막 젖을 뗀 아가들 부터 스핑크스 고양이까지..
정말 많은 아이들이 철창에 매달려 나 좀 데려가달라고..

고양이들은 사람 감정을 안다는데 

내가 누구를 데려갈지 고르는걸 아는 것 처럼 

나좀 봐달라고..
나좀 데려가달라고...

한참을 안절부절하고 울먹거리다가 눈에 띄는 얌전한 아이를 데려왔어요

아직 무서워서 침대밑에서 안나오는 아기지만

첫째 푸딩이와 걸맞는 ""젤리""라는 이름을 지어줬어요

젤리처럼 질기고도 부드럽게 살아가라고..


누나랑 잘 살자 젤리야

누나가 너의 집이 되어줄게

누나가 너의 누나가 될게

제발 건강하게만 살자 우리





글을 쓰면서 말씀드리고 싶은건 

유기묘 센터에도 예쁜 아이들이 너무 많아요
정말 고민될정도로

새끼부터 어른냥이까지
정말 다양한 아이들이 있어요

사지마세요 

제발 입양하세요...",http://d12l2mexpetzlh.cloudfront.net/images/story/2022-08-25/story_1661422596058.jpg
왕크니까 왕귀여운 호두🐶,"호두는 오늘도 잘 먹고 잘 놀고 잘 지내고 있어요!

오늘 인스타를 보다가 위엑트를 통해 닥터힐메딕스의 #그럼에도난널미워하지않아 캠페인을 보게 되었어요
애니메이션으로 된 영상을 보는 데 너무 슬퍼서 호두를 껴안고 있으니까 호두는 자다일어나 어리둥절한 상태로 있었네요ㅎㅎ
요즘 호두는 당근도 뽑고 1박 2일로 바닷가도 다녀오고 애견카페에도 다녀오면서 꼬리를 프로펠러마냥 흔들면서 살고 있습니다.
사고도 가끔 치면서 말이죠...

😱",http://d12l2mexpetzlh.cloudfront.net/images/story/2022-08-25/story_1661415035187.jpg
비 오는 날 길에서 구조된 아기냥이,"http://pawinhand.kr/link/linker.html?type=story&idx=347715

포인핸드를 통해 7월달에 입양하게 되었고 기존에 키우던 반려묘들과 합사를 성공해 현재 너무나도 건강한 냥이로 잘지내고 있답니다 ❤️ ",http://d12l2mexpetzlh.cloudfront.net/images/story/2022-08-25/story_1661410252660.png
루야 만나서 반가워~!,"예전부터 강아지 입양에 관심은 있었으나  실천에 옮기지는 못하고 ....  
아이가 클수록 더 원하여 강아지는 사는 것이 아니고 우리가 지켜줘야 할 강아지가 생기면 그때 키울 수 있다고 유기견 입양에 대해 알려주었어요.  
그래도 평생 동반자이니 신중하게 우리와 맞는 조건의 강아지를 찾고 연락해보고 하다 만난  우리 루 입니다! 
아직은 털이 들쭉날쭉 아가지만 더 멋지게 자라길..  같이 즐겁게 룰루랄라 살아볼게요! 
낯가린던 루도 저희 아이보고 완전 흥분해서 서로 아주 난리랍니다!  아이있는 집엔 유기견 입양을 잘 안해주는게..  전 저희 아이들은 잘할거라 믿어요!! ",http://d12l2mexpetzlh.cloudfront.net/images/story/2022-08-25/story_1661405644763.jpg
10번째일기)레오 중성화수술완료,"안녕하세요!!레오맘이에요^^
레오는 엊그제 드뎌 중성화 수술을했어요..
마취되는동안 의사쌈께서 잠깐안고있어도 된다하셔서 마취주사 맞고 잠들때까지 안고있었는데 품안에서 축 늘어진 모습이 어찌나 마음이 아프던지요ㅜㅜ
생애 첫 수술 다행스럽게도 무사히 잘 했습니다.
실밥은 일주일뒤에 풀러야한다 하셔서 지금은 중요 부위에 실밥이있는데 볼때마다 맘이아파요..
안보려해도 발라당 누워서 잘 노는아이라 자꾸보이네요..
이젠 한바탕 털갈이를 끝내고 복실복실 털이 자랐는데 의사쌤께서 레오는 스피츠믹스라고 하시네요 그러고보니 맞는거같아요ㅋㅋㅋ
스피츠 치고는 다리가 짧은편이지만 그게 더 매력인거같아요
그리고 의사쌤께서 레오가 안쓰러울정도로 얌전하다고....
레오는 진짜 순하고 겁도많고 얌전하거든요. 근데 그런 레오에게 홍역후유증으로 다리와 머리를 떠는 틱증세를보고 병원갈때마다 ""얘는 왜그래요""? 그러면서 이상한 눈으로 보시는  분들이 계셔서 속상해요ㅜㅜ  
그렇게 안물어보셨으면 좋겠어요...
처음엔 잘 설명드렸는데 질문하시는 분들이 안쓰러워 질문하는것보다 신기해서 질문하시는듯한 느낌이 너무 많아서 종종 상처가되더라구요...
제가 그런 얘기들을 레오와 함께하는 동안은 안고가야 하는데 아직 받아들이기가 힘든거같아요~시간이 지나면 저 역시 편하게 웃으며 얘기하는 날이 오겠죠?ㅎㅎ
이제 큰 숙제까지 마쳤고 실밥풀고 레오와 함께 맞이할 첫 가을을 기다리는중입니다.
신나게 뛰어놀고 산책하고 행복하게 지내볼께요~
횐님들도 높고높은 가을하늘 우리 반려견 반려묘와 많은 추억만드세요!!!!





",http://d12l2mexpetzlh.cloudfront.net/images/story/2022-08-25/story_1661394260798.png
뽀야 입양햇어요,"평택보호소에서 여자애 입양햇어요
여자애라 그런지 머리가 아주 영리한 아이예요
처음엔 청둥벌거숭이 였었는데 지금은
말도 잘듣고 아주 예뻐요
17년도에 충주보호소에서 데리고온 뽀미오빠랑도 잘논답니다  강아지를 처음 키워보는거라
그땐 뽀미를 입양해서 사실 좀 겁도 나고
했었는데 지금은 정이 들어서 없으면 안되는
소중한 아이예요
우리 뽀미,뽀야 예쁘게 잘 키울께요
사지말고 입양해서 소중하게 이쁘게 잘키우세요
입양은 사랑입니다^^~


",http://d12l2mexpetzlh.cloudfront.net/images/story/2022-08-25/story_1661388106946.png
하나뿐인 아이,"취업하고 부모님께 허락을 얻어 입양했어요.
먼저, 기본적인 내용은 인터넷으로 알아보고 교육 영상이나 추가적인 내용은 유튜브로 보면서 정리했어요 어느 정도 수입이 되었을 때 보호소 공고를 보기 시작했고, 제 마음에 들어온 아이랑 가족들 마음에 들어온 아이가 일치했을 때 해당 보호소 홈페이지에 신청 접수하고 전화를 해서 기다렸어요 연락이 오고 날짜를 잡고 그동안 용품구매, 방 정리 등을 한 다음에 데려왔어요 데려오고 * 배변상태 * , 밥 먹는 거 등을 관찰해서 일주일 뒤에 병원 가서 필요한 사항들을 하나씩 했어요 ",http://d12l2mexpetzlh.cloudfront.net/images/story/2022-08-25/story_1661367343114.png
눈송이의 2차접종,"눈송이 입양 3일차 
예방접종 2차 맞으러 동물병원 갔는데 
한번도 안낑낑대구 잘맞구 왔어요 
집에와서 물론 똑같은자리에 또 쉬야 실수는 했지만 ㅜㅜ 
밥 잘 먹구 잘자구 잘놀구 
진짜 잘땐 세상 천사 

제가 나갔다오면 배변패드에 똥오줌은 잘 가려놓는데 
왜 집에 사람이있으면 꼭 같은자리에 소변실수를 할까요.. 
저자리에서 사료로 놀아주기도하고 
장난감으로 놀아주기도 했는데 
더 많은 반복의 학습이 필요한걸까요ㅠㅠ",http://d12l2mexpetzlh.cloudfront.net/images/story/2022-08-25/story_1661357316620.jpg
설아예요,"입양한지3년이 지났네요
아직까지 에너지가 넘치고 활발해요
건강하게 잘지내고 있습니다

",http://d12l2mexpetzlh.cloudfront.net/images/story/2022-08-25/story_1661354460135.png
요 아이 기억하시는 분 계실까요?ㅎㅎ,"처음으로 근황 올리고 싶어서 글 써봅니다. 
처음엔 너무 거리가 멀어서 어떻게 데려와야 할지 막막했어요. 포기해야하나 싶었는데 20년12월9일에 경남 진주에서 서울까지 좋은분들 덕에 만날 수 있었어요🙂 다행히 적응도 잘하고 밥도 잘먹고 처음 왔을땐 기침때문에 병원 신세를 졌지만 지금은 아주 건강하게 잘 지내요 ㅎㅎ 같이 여기저기 여행도 자주 다니고 좋은건 다 해주고 싶어서 욕심만 느는거 같아요😄 기억 하실진 모르겠지만 도와주신 분들 정말 다 감사드려요🙏🏻
",http://d12l2mexpetzlh.cloudfront.net/images/story/2022-08-24/story_1661351744778.jpg
당당이와 구리는 열심이 병마와 싸우고 있어요,"﻿

구리와 당당이는 병마와 싸우며 이겨내고 있어요

우선 구리는 전주인에 의한 학대로 인한 공포심과두려움에

입질이 엄청나서ㅜㅜ 사상충2기이고 슬개골탈구 있고

우선 사상충이 급해서 치료중에 있습니다.

울당당이는 상태가 너무 심각하네요.

폐렴에 사상충4기에 두눈이 실명이라 앞을 못봅니다.ㅜㅜ

도대체 어떤삶을 살았기에. 너무 속상하고 눈물이 나네요.

구리와 당당이 열심히 최선을 다해서 치료하고 잘이겨내길 기도하고 바래봅니다.

구리야 당당아 치료잘받고 잘이겨내서 남은 여생 엄마랑 행복하게 잘살아보자.사랑한다 내새끼들

﻿",http://d12l2mexpetzlh.cloudfront.net/images/story/2022-08-24/story_1661350985635.png
응??왜그러고 있는건G??ㅋㅋ,"방에 있는데..왜 그러고 자는건지? 쿠키얔ㅋㅋ
그렇게 졸리면ㅋ 누나 기다리지 말구 집에가서   편하게 자ㅋㅋㅋㅋ 제발ㅠㅠ큐큐ㅠ",http://d12l2mexpetzlh.cloudfront.net/images/story/2022-08-24/story_1661341099150.png
견생 첫 미용~~ㅋ,우리짱아  첫 미용했어요~~~ 그랬더니 완전 다른아가예요~ㅋㅋ무서워서 벌벌떨면서도 입질한번 낑소리 한번 안내고 얼마나 기특하던지ㅋㅋ이대로 건강하게만 지내자~~!!,http://d12l2mexpetzlh.cloudfront.net/images/story/2022-08-24/story_1661340484909.png
[뽀미] 점점 예뻐지는 뽀미,"입양한 지 2주 가량 넘었네요.
뽀미는 친정엄마 사랑 듬뿍 받으며 잘 지내고  있어요~♡

한 미모 하네요
사진 포즈도 잘 잡아줌ㅋㅋ





",http://d12l2mexpetzlh.cloudfront.net/images/story/2022-08-24/story_1661334369080.png
울 땅콩이 입양 5개월차로 달리고 있어요!,"너무너무 귀여운 울 땅콩이에요!!!

데려오고 1-2달까지 좋다기 보다는
걱정의 연속이였어요. 
표정이 안좋으면 왜그러지?!하고 생각하고 ㅋㅋ
그렇게 서로서로 맞추다보니 저에게 표현도 잘해주고
정말 솔직한 땅콩이의 모습도 보이네요 💗

잘 먹고 놀고 자니 무럭무럭 자라 7kg로 달려가고 있어요
잠시 들면 손목이 아프고 가방에 넣으면 어깨가 내려앉을것 같지만 괜찮아요 조금 아프면돼죠 !!

이렇게 이쁘고 착한 애기를 만난게 너무 행복해요(고슴도치맘)
땅콩이에게도 너무 고맙꾸요💗💗",http://d12l2mexpetzlh.cloudfront.net/images/story/2022-08-24/story_1661330392900.jpg
토르 14개월~ 더운 여름 나기~!,"더운 7~8월 이였습니다~ 비도 엄청 많이 왔구요~

그래도 토르는 잘 지내고 있어요~^^*

토르 털 옷이 덥지만~ 시원한곳 잘 찾아 다니면서 지내고 있답니다~!

더워서 그런지 입맛이 없는지~ 먹는 양은 확 줄었어요~

살이 많이 빠졌답니다~ 좀더 슬림한 토르가 되고 있어요~ 스스로 다이어트 하는 듯해요~ ㅋㅋ",http://d12l2mexpetzlh.cloudfront.net/images/story/2022-08-24/story_1661330301123.jpg
메이플 입양 3달,"입양일이 5월 18일 이니까
석달이 조금 지났습니다.
그동안 예방 접종을 마쳤습니다.
아주아주 활동적인 애라서 어딜 가든지 가만히 있지를 않네요.

올해 우리집에서 가장 큰 행운ㅡ메이플과의 만남

지금, 메이플을 만났다는게 가장 행복하네요.",http://d12l2mexpetzlh.cloudfront.net/images/story/2022-08-24/story_1661323388500.png
조이 오랜만에 근황남깁니다.,"조이가 집에 온 지 이제 두달이 넘었네요.
접종도 하고 중성화도 하고 무럭무럭 잘 자라고 있습니다.

비가 많이 오는 날이 아니면 1일 1산책에 놀러다니기 좋아하는 엄마아빠랑 여행도 전국으로 다니면서 지내고 있어요. 자기보다 큰 친구를 더 좋아해서 신나게 굴러다닙니다.

다만 걱정인건 ㅠㅠ 뚜렷한 병도 없는데 무른변을 자주 봐서 마음이 아프네요. 병원에서는 애기라 장이약해 그럴수있다던데.. 제 생각엔 흙을 너무 좋아해서 그런 것 같기도 해요,,

사료도 벌써 세번째 바꿔보고 사람도 안먹는 유산균에 영양제 급여중입니다 ㅎ.. 제에에에발 건강한 응가강아지로 돌아오길 빌어주세요.


더 많은 사진과 영상은 
인스타그램 🧸 @joy.ful.2022 로 오시면 됩니다!
",http://d12l2mexpetzlh.cloudfront.net/images/story/2022-08-24/story_1661323240739.jpg
4년뒤 후기,로꾸랑,http://d12l2mexpetzlh.cloudfront.net/images/story/2022-08-24/story_1661319694393.png
입양후기,"-남자친구가 강아지 키우고 싶다면서 자기가 찾아볼 생각을 안함
-그래서 본인이 포인핸드를 다 뒤져서 저 아이를 찾음 
- 남자친구가 입양한 지 1년 됨
- 난 너 정말정말 싫지만 행복해 보이는구나
- 처음 데려올 때 보다 몸무게가 3배 늘었음
- 중성화도 데려오자마자 시킴
- 나이는 5살인 듯
- 식탐이 진심 엄청남

+우리집 포도푸름여름이가 훨씬 귀여움 흥




",http://d12l2mexpetzlh.cloudfront.net/images/story/2022-08-24/story_1661317350090.png
만수랑 무강이 잘 있어요~,오랫만에 사진 올리네요. 만수무강이 잘 지낸답니다. 무강이 심장사상충 치료 마쳤고 조만간 최종검진 받으러가요. 완치 되었겠죠?ㅜㅜ 더운여름 다 지나가고 곧 가을이네요~ 한해한해 소중한 시간!  만수야 무강아 건강하게 잘 지내자♡♡,http://d12l2mexpetzlh.cloudfront.net/images/story/2022-08-24/story_1661297255946.png
❤️칠리 한달 입양 후기❤️,"입양 하고 한달 조금 안됐는데 건강하게 잘 크고 있습니다.
처음 왔을땐 활동량은 많아도 말은 잘 안했는데 지금은 수다냥이 애교쟁이 식탐쟁이가 되었네요!

입양하길 잘한것 같아요. 곧 있으면 중성화 예정입니다",http://d12l2mexpetzlh.cloudfront.net/images/story/2022-08-24/story_1661274228720.jpg
다은이의 입양 이야기💙,"저희는 집에서 임시보호하는 방법은 몰라서 구조를 요청했고, 시보호소에 공고되었다는 소식을 접했습니다. 처음에는 다행이라고 생각했는데, 아이가 있는 보호소 환경이 너무 열악하고, 처음 봤을 때도 너무 말랐던 게 생각이 나서 보호소에 다시 한번 찾아갔더니 너무 열악하고 아이가 밥도 잘 먹지 않는다고 하더라구요. 

 보호소에는 아이 말고도 정말 많이 보호되고 있었는데, 유일하게 짖는 소리도 내지 않았습니다. 그게 너무 마음이 아팠는데 공고중이라 데려갈수는 없어서 마지막으로 인사하고 나가려는데 아이가 처음으로 앓는 소리를 내더라구요. 그래서 한 한시간동안 계속 울기만 하다가 집에 돌아왔습니다. 

 그리고 힘들게 10일 동안 기다리고 드디어 집으로 오게 되었습니다! 곧 건강한 모습으로 자란 아이의 모습 볼 수 있으면 좋겠네요. 이 아이를 반려견으로 맞이할 수 있어서 너무너무 행운인 것 같습니다! 



",http://d12l2mexpetzlh.cloudfront.net/images/story/2022-08-23/story_1661262229811.jpg
두유의 1년,"더운 여름에 태어난 두유가 세상을 맞이한지 벌써 1년이 되었어요! 두유 이야기 들어보실래요? :)

울진 어느 마트 앞에서 떠돌던 아기 강아지는 보호소에 가게되었고, 얼마 지나지 않아 온 몸이 고름으로 가득했다고해요. 정말 다행히도 개인구조 활동하시는 분께서 구조하여 임시보호하며 케어해주셨어요.

그렇게 먼 길을 돌아 처음 만났을 때 1.8kg의 작은 강아지였고, 각질 투성이에 털도 많이 빠져있는 상태였어요.

(털색깔을 보고 보리, 두유, 감자 등의 이름을 고민했는데 마침 임보이모와 만나는 장소가 삼육초등학교 앞이었어서 두유말고 다른 이름을 고려할 수 없었죠 ㅎㅎ)

초보 엄마,아빠와 아픈 강아지라니! 지금 생각해보면 정말 큰 결심이 필요한 일인게 분명한데, 그 때는 당연하다는 듯 두유를 가족으로 맞이하게 됐어요. 두유가 너무너무 예뻤고, '이 친구가 우리 집에 안 오면 어디에 갈 수 있을까?' 라는 생각 뿐이었죠.

하지만 막상 집에 데리고오니 너무나도 작고 연약해서 걱정이 컸습니다. 피부병 때문에 약용샴푸로 목욕을 시켜야했는데 물을 극도로 무서워하였기에 매번 힘든 목욕이 되었습니다. 게다가 원래 겁이 많고 사람을 따르지않는 성격이라 엄마아빠도 두유와 익숙해지는데 많은 노력이 필요했어요.

그런 걱정들이 무색하게도 두유는 정말 건강하게 자라주었어요. 허약한 줄만 알았던 두유는 친구들과 장난치고 뛰뛰하는 걸 제일 좋아하는 인싸강아지가됐고, 온 가족 사랑을 독차지해서 함께 제주여행도 다녀오고, 유치원도 다니는 귀염둥이가 됐답니다! (아직 낯선 사람에게는 겁이 많지만 하루하루 성장해가겠죠?)

두유야, 우리에게 와줘서 정말 고마워! 너와 함께하는 매일이 잊지못할 추억이고, 널 만난 건 정말 행운이야. 우리 오래오래 행복하자. 사랑해♡ 

@love.me.doyou",http://d12l2mexpetzlh.cloudfront.net/images/story/2022-08-23/story_1661257443530.jpg
이러고 살아요,"로베는 이렇게 살고 있습니다
공고랑 사진이 너무 다르다고요? 저도 처음에 못 알아봤음 생각보다 훨씐 작은 뭄뭄미임니다

헛쉬,, 베스트 올라가버렸는디 다들 사진이 넘 멋지시길래... 저도 자랑좀 해보겟읍니다..




",http://d12l2mexpetzlh.cloudfront.net/images/story/2022-08-23/story_1661256658072.png
남양주시보호소에서 안락사 직전에 구조한 막둥이 깜콩이♡ 사지말고입양하세요,"가족이 잡혀 들어왔는데 어미는 안락사되고..새끼들은 다행히 다 입양됐는데 이 아이만 입양 안됐더라구요ㅠㅠ검정 아이들은 입양이 잘 안돼요..올블랙이 얼마나 멋있는데요ㅜㅜ 검정 아이 안락사 올라오면 무조건 죽음이라고 보시면 되요ㅜ
이 아이는 제가 안락사 당일 아침에 데리고 왔어요.
무사하고 건강하게 자라줘서 현재는 9개월 추정~♡ 잘생겼죠~?♡♡♡
애교가 엄청 많고 사랑스럽답니다~~ 남양주시보호소 칼안락사에요ㅜㅜ
지금 이 순간에도 멍뭉이들과 냐옹이들이 구조의 손길을 절실하게 기다리고 있어요..
막둥이 품어주세요..자리 한켠 내주세요..
버리지마세요..가족이 되어주세요..
제 인스타 프로필계정에 들어가보시면 안락사명단 나와있습니다ㅠ sein_lee00 



",http://d12l2mexpetzlh.cloudfront.net/images/story/2022-08-23/story_1661254223553.png
춘장이랑 2주 됐어요!,"처음 데려와서 병원 갔을땐 1.4kg
쪼깐한 얼라였는데
오늘 2차 접종 맞으러 가니 2.2kg으로
쑥쑥 크고 있는 얼라가 됐어요!ㅋㅋ

코로나에 곰팡이성피부염까지 가지고 있었지만
코로나는 완치하고 피부병도 잘 치료해서
탈모가 왔던 부위에 다시 털이 나고있어요!

밥을 엄청 잘먹는데 밥 먹고도 시도때도 없이
밥그릇으로 달려가서 밥을 너무 적게 주는게
아닌가 걱정했었는데 그냥 밥을 너무 좋아하는거였네요ㅎㅎ

살도 포동포동 찌고 벌써 머리 하나 더 큰것같아요
지금은 거실 테이블 아래가 최애 장소인것같은데
조금 더 크면 거기도 못들어갈것같아요ㅋㅋ

이번 주말에는 춘장이랑 뒤늦은 여름휴가를 가려 해요!
아직 접종도 다 못맞아서 직접 걸어다니진 못하겠지만
보호소 바깥에 좋은 곳이 많다는걸 보여주고싶어요

재밌게 잘 놀다 와서 또 소식 올릴게요!",http://d12l2mexpetzlh.cloudfront.net/images/story/2022-08-23/story_1661248027443.jpg
나에게 찾아온 운명,"처음 입양날이 생각나네요 비도 오는 날인데 상수리까지 가서 데려오려니 넘  힘들고.. 도착하자마자 여러 설문지 작성하고 기다리니 모카가 나오더라고요.
한 달 이상 철장신세 져서 그런가 나오자마자 흥분하고 책상에 머리 박고ㅋㅋ
철장 트라우마때문인 지 아직 켄넬이나
갇혀있는 공간을 싫어해요.😞
 다른 강아지나 사람들 보면 되게 좋아하구 꼬리치고
마구 흔들어요. 제가 우울증 있어서 한 생명을 책임질 수 있을까라는 고민도 들었는데
가족이랑 살아도 뭔가 외롭고 친구 만나도 외로운 상태에서 모카가 나타나준 건 축복이였어요.😇
자주 산책도 나가고 한 생명을 내가 책임져야 한다는 책임감 덕분에 점차 나아지고 있었죠.
이번년도 겨울쯤에 모카랑 단 둘이 여행 갈 준비도 하고 있어요. 품종견도 이쁘고 사랑스럽지만 믹스견도 이쩌해주세요. 🥰 반려동물 사지 말고 입양하세요😄",http://d12l2mexpetzlh.cloudfront.net/images/story/2022-08-23/story_1661237377340.png
집에 온지 한달 반 정도 된 율무입니당♥︎,"아가 시절엔 언제 크지 했는데 벌써 무럭무럭 자라서 3키로나 되었답니다ㅎㅎㅎ 곧 5차 접종도 앞두고 있구요 

오자마자 배변을 완벽하게 가리고 앉아, 손, 기다려도 하길래 천재견인줄 알았는데 아가는 아가인가봅니다 ! 아직 세상이 너무 신기한 개린이에요(*´∇｀*)♥︎ 

간식 줄때면 빨리 달라고 손을 허공에 휘적휘적하지만 결코 짖은적이 없어요ㅎㅎ 접종하러 병원갈때도 낑낑거린적 없고 주사맞을때도 소리도 안내고 의젓하게 맞아서 병원쌤들도 인형인줄 알았답니다 ㅎㅎㅎ 그만큼 의젓하고 인내심 많은 율무지만 산책 한번에도 세상을 다 가진듯한 미소를 보여주는 우리 율무♥︎ 앞으로도 건강하고 행복하게 같이 살자 사랑해 율무야╰(*´︶`*)╯♡",http://d12l2mexpetzlh.cloudfront.net/images/story/2022-08-23/story_1661237659096.jpg
김호두씨❤️❤️,"신나게 놀고
멍때리는 호두찌",http://d12l2mexpetzlh.cloudfront.net/images/story/2022-08-23/story_1661237800476.jpg
꿀떡 입양 2주년❤️,"얼마 전 꿀떡이와 가족이 된 지 2년을 기념하는 조촐한 파티를 하고 포인핸드에도 오랜만에 글을 남겨요. 사랑하는 우리 강아지, 앞으로도 행복하자❤️❤️❤️

🍯꿀떡인스타 @ggultteokdays
_
저희 꿀떡이는 전라남도 무안에 위치한 작고 열악한 곳에서 왔어요. 임시 거처 같은 대충 천막과 비닐 그리고 철망으로 만들어진 곳에 아이들이 있었고 그곳에는 나이 지긋한 할아버지 한 분이 거주하시며 아이들을 돌보고 계셨습니다. 깜깜한 새벽을 달려 도착한 보호소의 모습을 보고 많이 놀라기도 했고 그와 동시에 통화를 했을 때 저희를 의아하게 생각하시던 것도 왜인지 조금은 이해가 되었어요. 애석하게도, 공고 기일이 남은 아이들이 안락사되기도 했고 똥과 음식물 심지어 폐사한 닭과 아이들이 함께 있기도 했지요.. 

아무튼 꼭 이곳이 아니더라도 여전히 외지고 허름한 보호소들에도 가족을 기다리는 이이들이 너무나 많고, 더불어 꼭 꼬물꼬물한 어린 강아지들이 아니어도 함께하는 매순간이 소중할 아이들이 많으니 앞으로도 많은 관심 부탁드립니다..! 우리 가족, 사지말고 입양하세요👨‍👩‍👦",http://d12l2mexpetzlh.cloudfront.net/images/story/2022-08-23/story_1661231910379.jpg
♥️오구 입양 후기♥️,"본가 근처에 떠돌이 강아지가 있다고해서 눈여겨봤어요.
재작년 추석쯤부터 지켜보다가 확실히 주인도 없고 마을 강아지 밥을 훔쳐먹다가 혼나기도하는 모습이 너무 안타까워서 데려와야겠다 마음을 먹었어요
작년 4월쯤 강아지의 경계심이 심해서 동생들과 힘들게 구출했습니다🥹🥹
처음에는 켄넬에서 나오지도 않고 눈빛도 슬퍼보였는데 다음날부터 꼬리를 흔들며 점점 마음을 열었어요
오구가 온지 1년이 넘었는데 더 빨리 데려올껄 싶었어요
사진보시면 점점 사랑받아 표정이 변하는게 보여요
사랑둥이 오구덕에 제친구도 이번주에 포인핸드를 통해 입양하러 갑니다
선한영향력 다 같이 펼쳐보아용
@59_ogu_59",http://d12l2mexpetzlh.cloudfront.net/images/story/2022-08-23/story_1661231368419.jpg
귀여운 후추🐼,"익산유기견보호소에서 데려온 후추입니다.☺️

저희집에 온지 3일째인데 잘먹고 잘놀고 잘자요~

한시간 자고 일어나면 에너지 풀충전돼서 풀쩍풀쩍 놀다가

터그놀이 몇번 하면 지쳐서 또 자러 들어가고 ㅋㅋ

애기라 그런지 충전도 빠르고 방전도 빨라요~

아직 새끼강아지라 신경쓸것도 많고 챙겨줘야할것도 많지만

후추덕분에 너무너무 행복한 하루하루를 보내고 있네요🥰

후추 데리러 유기견보호소에 처음 방문해봤는데 

예쁜아이들이 너무너무 많아요~ 

공고에서 본것보다 실물이 백만배는 이쁘고 눈도 초롱초롱한게

사진이 실물을 다 못담더라구요~

입양고민하고 계신다면 직접 방문해서 보시는걸 추천드립니다!

익산보호소에 후추 형제도 있으니 공고도 한번씩 봐주세요😄

너무너무 이뻐서 난생 처음 인스타도 만들었어요.

자주 올리진 못할것같지만 성장과정을 기록해볼 생각입니다.

제가 초보견주라 다른 입양자분들과도 소통하면서 배워가면 좋을것 같아요.

후추 인스타 @huchu_08 

",http://d12l2mexpetzlh.cloudfront.net/images/story/2022-08-23/story_1661225210998.jpg
당당이로 맞이한 새로운 가족,"아가 오늘 오전에 입양햇어요.이로써 9마리 ㅋㅋ
당당하게 살라고 당당이로 지었어요. 아기가 생각보다 노견이고 백내장도 있네요.몸에 칩도 있는 아가인데 어찌 버리는건지..우선 당당이데리고 병원가서 검사할것들 하고 치료도하고 당당이 남은 여생 사랑으로 행복하게 잘키울게요.
사지말고 입양합시다 ^^",http://d12l2mexpetzlh.cloudfront.net/images/story/2022-08-23/story_1661224134370.png
증명사진😻,"아리를 입양한지 10개월이 다 되어가네요🙂
그 사이에 아리는 중성화도 하고 영구치도 나오고 ㅎ
으른 고양이로 쑥쑥 자랐답니다😺
가족들의 사랑을 듬뿍받고 부티가 흐르는 울 애기 자랑하고 가요💛

",http://d12l2mexpetzlh.cloudfront.net/images/story/2022-08-23/story_1661221227821.png
[폴순]고양이를 입양했는데 천사가 왔어요,"포인핸드 스토리에서 처음 본 폴순이는 구조 당시 상태가 꼬질꼬질을 넘어… 온 몸의 털이 다 뭉치고 떡져 처참한 모습이었어요. 눈에도 병이 났는지 거의 뜨지 못하는 모습이었고, 말라서 볼이 푹 패인게 눈에 보였죠.
구조 후 쉼터에서 미용도 하고 밥도 먹고 사냥 놀이도 하는 모습을 보고 마음이 너무 찡했어요. 아, 이 친구인가? 싶어서 데려오게 되었습니다.
아깽이 임보 경험 외에 처음으로 고양이를 키우는 거라 너무 서툴고 모르는 게 많아서 고양이에게 너무 미안한데 이 착한 고양이는 제가 빗질을 하다 아프게해도 골골… 귀를 만져도 골골…ㅠㅠ 천사예요.
입양 첫날에 온 집을 돌아다니더니 둘째날에 침대 위에 올라와서 배를 뒤집고 골골거리며 자네요.
귀약 안약 넣어주려 하면 질색팔색을 하지만 첫날보다 눈이 더 떠져서 뿌듯해요. 예쁜 눈 좀 보자!!!
폴순이의 새 이름은 모네 입니다. 모네야 건강하자🥰",http://d12l2mexpetzlh.cloudfront.net/images/story/2022-08-23/story_1661211235494.jpg
오뜨가 중성화를 했어요!,"
오뜨가 슬슬 중성화할 나이가 되어서 늦지않게 했답니다~!

수술부위를 계속 핥아서 염증 생길까봐 환묘복도 입혔네용~

고장난 오뜨를 보는게 귀여우면서도 마음이 아팠어요ㅜ

늘 붙어있는 오뜨율무❤️",http://d12l2mexpetzlh.cloudfront.net/images/story/2022-08-23/story_1661209773450.jpg
내 이름은 할배,"남자친구랑 동거를 하고 있는 20대 초반 여자입니다
남자친구와 고민고민하다 포인핸드로 슈나우저 친구를 접하게 되었습니다ㅎㅎ
큰 마음 먹고 남친이랑 슈나우저를 보러 갔는데 꼬질꼬질 하지만 꼬리를 흔들며 다가와서 제 손을 핥는 할배를 보고 한동안 잠도
못 자고 고민고민하다 결국 입양 결정을 하게 되었습니다
저희 포함 세 분이 보고 가셨다고 해서 저희는 결국 새벽 4시 30에 할배를 데리러 갔습니다(9시까지 기다렸다 할배 입양 신청하는데 너무 뿌듯했어요)
처음 할배를 보러 갔을 때 상주시에 일하시는 분들도 너무 친절하셨고 혹시나 전 주인과 일하시는 분들이 이 글을 보실까 후기 남깁니다
할배는 온 지 얼마 되지 않았지만 병원에서 접종도 잘 하고 애견카페에서 친구들과도 잘 놀고 사람도 좋아하고 예쁘고 멋지게 크고 있습니다
종종 할배 후기 남기겠습다!
* 7개월 정도 되었지만 구수한 할배로 지었습니다",http://d12l2mexpetzlh.cloudfront.net/images/story/2022-08-22/story_1661177868269.jpg
"나 뿌리, 22키로! 엉아보다 더 커졌따멍!","울집엔 서리라는 엉아 멈멍이가 있따!
엉아가 5살이구 23키로다 !!
엉아가 엄청 머시써서 
형아처럼 될려구 내가 맨날 밥 다 뺏오먹어따!
그래서 지금 내가 더커져따!!
우하하 ꉂꉂ ( ˆᴗˆ  ) 

옴마랑 맨날 운동장가서 뛰뛰도하고 산책도 아침저녁으루 하구
먹는것두 잘먹으면 나처럼 건강해질수이따!!
아픈 멍몽이들!! 나도 아팟눈데 잘먹으면 나을수이따!!
다들 잘목구 나처럼 행복한 견생을 살앗으면 조켓따

나는 8개월인데 얼마나 더자랄지 모르게따!!
대왕 몽멍이가 될거다멍!!!!",http://d12l2mexpetzlh.cloudfront.net/images/story/2022-08-22/story_1661161387624.jpg
모래 입양 후기,저는 지난 주말에 5개월 추정 되는 아이를 입양했어요. 반려견이 처음이라 많이 떨렸었는데 모래를 보자마자 긴장이 풀리면서 너무 좋았어요! 사진 한장으로 결정했던 입양인데 실물이 더 예쁘더라고요. 첫날은 긴장했는지 구석에 많이 가있고 움직임도 적었는데 둘째날부터는 탐색도 많이 하고 잘 따르네요^_^ 아직 아가라서 가르쳐줘야 할게 많을거 같아요!,http://d12l2mexpetzlh.cloudfront.net/images/story/2022-08-22/story_1661152588511.jpg
가족이 되었어요.,"안녕하세요. 구름이 입양자입니다.
글쓰기가 서투르지만..스토리로 소식 꼭 전하고자 글 올려요^^.

보호소에 입소하고 보호중으로 뜬지 오래되었는데도
입양이 안되었던 구름이는..다 이유가 있었어요.
보호소 입소당시 임신을 했었고
좋지않은 컨디션에 아이들은 사산되었고 구름이 뱃속은 엉망이라 수술도 해야했어요.
다행이 보호소 선생님께서 구름이를 잘 돌봐주셔서
돌고돌아 저와 인연이 닿아 이렇게 가족이 되었어요.
특징에서 성격있음으로 적혀있었고
그래서인지 입양문의가 생각보다 적었다고해요. 그럼에도 불구하고 입양 문의하셨던분들도 다 번식견으로 삼으려했던것같다고 하셨어요.중성화 수술 했다고하니 욕까지 하신분들도 계셨다더라구요.
성대수술도 되어있고 남자를 싫어하고..
저 작은 몸으로 많은일을 겪은것같아서 안쓰러웠어요.
처음 구름이를 보고자 양평으로 다녀온후 입양을 결심하기까진 그렇게 오래걸리진 않았어요.
개인사정으로 집으로 데려오는데 좀 걸렸지만
보호소 선생님이 너무 잘 케어해주셔서이렇게 저에게
와주었습니다.
집에 온지 아직 하루밖에 안되서 적응하느라 많이 힘들것같지만..
엄마 믿고 행복하게 오래오래 살았으면 좋겠어요.
이제는 구름이가 아닌 베이비로 잘 키우겠습니다.



",http://d12l2mexpetzlh.cloudfront.net/images/story/2022-08-22/story_1661151660907.png
마루,마루예욤 귀엽종,http://d12l2mexpetzlh.cloudfront.net/images/story/2022-08-22/story_1661140578065.jpg
메이의 여름휴가,"동반장소를 미리미리 찾아두어
순조롭게 하나둘 채워가니
생각보다 갈 곳들이 오래전과 달리 제법 많았다.
호텔, 복합문화공간, 식당, 목장 등등
아쉽게 바닷가 해변은 여름성수기 동반은 안된다고하여
살짝 모래 밟아주고 힐끗 바다만 맛보고 퇴출 
(강원도 해변들은 7~8월 동반 안된다고 하네요.)

괜찮았어? 또 떠나볼까?",http://d12l2mexpetzlh.cloudfront.net/images/story/2022-08-22/story_1661131737885.jpg
깜냥이들 캣워커 만들어 주기,"지난 달에 입양한 깜냥이 벼루, 잉크 아빠입니다.

냥이들 주거환경 개선을 위해 캣워커를 장만해야겠다고 생각하고 인터넷 찾아보니 가격이 장난이 아니더군요.
그래서 캣타워와 목재만 구입해서 자작해 봤습니다. 한 삼일 고생 좀 했지만 잘 놀아주니 뿌듯합니다.(자랑질입니다.^^ )

캣타워 15만원, 목재 7만원 정도 들었고, 기타 등등 한 3만원 정도 소요된거 같네요. 캣타워도 낱개로 구입해서 조립하면 더 싸질거 같습니다.
목재 사포질, 튼튼하게 접합하는게 좀 귀찮고, 벽에 칼블럭 작업이 많이 힘드네요.

혹시 자작 고민하시는 분들 참고하세요.",http://d12l2mexpetzlh.cloudfront.net/images/story/2022-08-22/story_1661132445080.png
아이는 잘 지내고 있습니다.,"아이는 꼬망이라는 이름을 갖게 되었고 아들램들만 있던 다둥이네로 온 까닭에 외동으로 지내진 못하지만 사랑 많이 받으며 잘 지내고 있습니다.

꼬망이는 보호소 정보와는 많이 달랐는데 나이는 8-10세 추정이며 눈은 오히려 실명상태까지는 아니었고 백내장 초기에 심한 결막염 상태였습니다.  눈도 눈이지만 피모상태, 영양상태 불량, 저체중, 많이 남은 유치에 과다한 치석, 탈장에 유선종양까지 있어 총체적 난국이었습니다.

병원이나 미용 같은 전문적인 케어를 받아 본 적이 없었던 것으로 보이는 아이는 그럼에도 아무나 보면 배부터 내보이고 만져달라 머리를 드미는 넘치는 인류애 소유견이었습니다.

여차저차 꼬망이를 데려온 지 5개월여 되었는데 지금은 다 정리하고 건강하고 새침하게 오빠, 동생과 여행도 다니고 캠핑도 다니고 유치원도 다니면서 잘 지내고 있습니다.^^

앞으로도 잘 지낼 계획이라네요 ㅎㅎ

첫 사진(대표사진)이 가장 최근이고 마지막 사진이 가장 예전(예쁘게 미용해 주려고 털을 기르던 머털이 때)사진입니다.

",http://d12l2mexpetzlh.cloudfront.net/images/story/2022-08-22/story_1661102242338.jpg
막내딸이예용❤️,"여름이 만난지 48일 째예용~~짧은 시간인데도
저한테는 몇년 된거 마냥 의지하고 따르고 애교가 넘처요ㅋㅋ다들 엄마 바보라고 하더라구요ㅋ
처음엔 훈련이 하나도 안되있었는데 정말 교감하고 간식..효과가 크긴했지만..ㅋㅋ이제는
손,앉아,엎드려,기다려,뽀뽀까지 하는 똑순이예용
40일만에..천재견 아닌가요?ㅋㅋ이젠 저희 여름이 없으면 안될꺼같이 너무나도 소중하고 값진 아이예요 잠들어있는 모습 또한 너무 사랑스럽고 자꾸 스담스담 하게되네요ㅋㅋ",http://d12l2mexpetzlh.cloudfront.net/images/story/2022-08-22/story_1661095939634.png
또리 또리,또리 근황입니다,http://d12l2mexpetzlh.cloudfront.net/images/story/2022-08-22/story_1661095527418.png
우리 새로운 가족 구성원 밤밤이예요.,"우리 새로운 가족 구성원 밤밤이예요.
우리 수컷 포메 투지는 이제 형이 됐다! 
둘다 블랙탄 똑같은 색갈 있어서 잘 어울리는 것 같아요.
앞으로 가족처럼 같이 즐겁게 살자!
밤밤은 아주 행복해 보여서 다행이당~
밤밤은 사람들과 다른 강아지들을 만나는 것 좋아해요!
행복하자!






",http://d12l2mexpetzlh.cloudfront.net/images/story/2022-08-21/story_1661079124733.png
동구 반가워 🥰,"본집에서 세시간 걸리는 강원도로 여행갔다가 만나게 된 우리 동구🐶
이 애기는 내 가족이다 예감이 들었어요!
우리 동구 병원가니 한살 갓 넘었대요 근데 하는 짓은 2~3개월 된 애기였어요
배변 훈련도 안되어있고 앉아 기다려 아무것도 할 줄 몰랐는데 가족이 된 지 일주일이 된 지금!
쉬야도 배변패드에 잘하고 앉아 기다려도 잘 해요 🥰
엄청 빨리 배우는 똑똑이 울 동구!!!! 우리 잘 살자❤️",http://d12l2mexpetzlh.cloudfront.net/images/story/2022-08-22/story_1661095028313.png
살구 나랑 살구🧡,살구야 누나랑 평생 같이 있쨔,http://d12l2mexpetzlh.cloudfront.net/images/story/2022-08-21/story_1661071050240.jpg
오늘부터 우리가족❤️,오늘부터 우리 가족이 된 보리 :) 코카스파니엘+푸들 이라 한덩치 하지만 완전 겁쟁이 ㅋㅋㅋ 몇일 뒤 심장사사충 주사 맞으러가면서 내장칩도 하자|~~ 심장사상충1기라 너무 걱정했는데 빨리 낫길,http://d12l2mexpetzlh.cloudfront.net/images/story/2022-08-21/story_1661064591466.jpg
우리 마름이💙,"포인핸드에서 똥꼬발랄한 지금이 마름이를 만나게 되고
만난지 253일!! 다음달이면 성묘가되는 우리아들:)",http://d12l2mexpetzlh.cloudfront.net/images/story/2022-08-21/story_1661047344821.jpg
나 몽구를 기억하세요 ?,"안녕하세요 몽구엄마 입니다 !
우리몽구 보호소에서 집에 오는길에 검사했는데 배에 사랑스러운 아가가 엄청 많다는 소식을 전한적이 있었는데 잘못 눌러서 글이 내려간 모양이에요  ㅠㅠ😭
우리몽구 지금은 새끼 낳고 열심히 육아중 입니다
제가 불러도 모른척 ... 밤에 잘때는 꼬물이들을 전부 제 옆에 옮겨두고 본인은 편한 자기침대에서 혼 ! 자 ! 잔답니다 하하
공동육아 시작이네요 ㅎㅎㅎ 전 그래서 행복도 여섯배 랍니당 〰️❤️
그나저나 우리몽구 드디어 인스타 계정 만들었대요 !
몽구가 멍몽친구들 멍팔 하자는데 해주실꺼죠 ? 기다릴게요 친구들 !!🤍!!
몽구인스타 : nam_monggu",http://d12l2mexpetzlh.cloudfront.net/images/story/2022-08-21/story_1661046367390.jpg
광복이 근황,첨엔 캘리가 예명이었던 울 광복잉..!!! 행복하게 살고 있어용,http://d12l2mexpetzlh.cloudfront.net/images/story/2022-08-20/story_1660999670796.jpg
여름이 만나지46일❤️,"엄마 껌딱지 여름이는 저만 졸졸 따라다니고(화장실,드레스룸,세탁실등등)
제가 있는 곳 옆에서만 잠들고 제가 잠시 볼일 보러 나갈때는
소변은 패드에 대변은 화장실에 하는 이쁜 아이인데 제가 잠시만 나가도 쇼파에 응가를 하고 현관문 앞에 쉬아를 하네요ㅠ분리불안이 심해서
방문훈련도 가서 하는 훈련소도 알아보고
있는데요..우리 아기가 또 상처를 받을까 걱정이되고 또 한 제가 잘 할수 있을지 모르겠어요ㅠㅠ

",http://d12l2mexpetzlh.cloudfront.net/images/story/2022-08-20/story_1660995159285.png
망고 슬개골 수술,"망고가 우리집에 온지 504일이 되던 날
슬개골 탈구 수술을 하게 됐어요
수요일 수술하고 오늘 퇴원해서 집에 왔어요
수술 경과 좋구요 걱정했던거보다 잘 이겨내고 있네요
병원에 입원하던 날 어찌나 울던지ㅠㅠ
빨리 나을수 있게 모두 마음 모아주세요^^",http://d12l2mexpetzlh.cloudfront.net/images/story/2022-08-20/story_1660992222164.png
